{
    "R Ashwin": {
        "runs": 2287,
        "balls": 234,
        "economy": 0.9743589743589743
    },
    "MC Henriques": {
        "runs": 158,
        "balls": 150,
        "economy": 1.0533333333333332
    },
    "Z Khan": {
        "runs": 156,
        "balls": 145,
        "economy": 1.0758620689655172
    },
    "MA Starc": {
        "runs": 291,
        "balls": 258,
        "economy": 1.127906976744186
    },
    "GB Hogg": {
        "runs": 144,
        "balls": 126,
        "economy": 1.1428571428571428
    },
    "Sandeep Sharma": {
        "runs": 350,
        "balls": 300,
        "economy": 1.1666666666666667
    },
    "IC Pandey": {
        "runs": 223,
        "balls": 186,
        "economy": 1.1989247311827957
    },
    "DJ Muthuswami": {
        "runs": 101,
        "balls": 84,
        "economy": 1.2023809523809523
    },
    "A Nehra": {
        "runs": 449,
        "balls": 372,
        "economy": 1.206989247311828
    },
    "SP Narine": {
        "runs": 234,
        "balls": 192,
        "economy": 1.21875
    }
}